DateTime, Active, Predicted next Active, Actual Next Active 
01/12/2008 00:00,[ 32.92159085],[ 15.99278392], [ 32.42337594]
01/12/2008 01:00,[ 32.42337594],[ 31.11007377], [ 28.40669415]
01/12/2008 02:00,[ 28.40669415],[ 28.26040984], [ 31.4072427]
01/12/2008 03:00,[ 31.4072427],[ 53.59932477], [ 27.89722015]
01/12/2008 04:00,[ 27.89722015],[ 81.72423189], [ 28.76135562]
01/12/2008 05:00,[ 28.76135562],[ 52.69588156], [ 71.97938792]
01/12/2008 06:00,[ 71.97938792],[ 72.18786556], [ 223.52679312]
01/12/2008 07:00,[ 223.52679312],[ 170.37555845], [ 142.82160735]
01/12/2008 08:00,[ 142.82160735],[ 110.51928874], [ 135.63830538]
01/12/2008 09:00,[ 135.63830538],[ 127.55294689], [ 134.33225048]
01/12/2008 10:00,[ 134.33225048],[ 150.76293517], [ 134.02825494]
01/12/2008 11:00,[ 134.02825494],[ 117.77633295], [ 130.89822681]
01/12/2008 12:00,[ 130.89822681],[ 103.07374928], [ 84.85697668]
01/12/2008 13:00,[ 84.85697668],[ 69.08376696], [ 41.65583302]
01/12/2008 14:00,[ 41.65583302],[ 40.68625725], [ 44.4086815]
01/12/2008 15:00,[ 44.4086815],[ 54.15801261], [ 72.86041203]
01/12/2008 16:00,[ 72.86041203],[ 117.00223338], [ 97.37990398]
01/12/2008 17:00,[ 97.37990398],[ 97.92678275], [ 124.44958072]
01/12/2008 18:00,[ 124.44958072],[ 98.89791039], [ 104.21417404]
01/12/2008 19:00,[ 104.21417404],[ 82.74072543], [ 248.4262795]
01/12/2008 20:00,[ 248.4262795],[ 191.03861711], [ 201.62222575]
01/12/2008 21:00,[ 201.62222575],[ 157.57364876], [ 61.05525197]
01/12/2008 22:00,[ 61.05525197],[ 71.23724113], [ 39.12253687]
01/12/2008 23:00,[ 39.12253687],[ 91.30826115], [ 30.2925924]
02/12/2008 00:00,[ 30.2925924],[ 63.35336205], [ 31.77597803]
02/12/2008 01:00,[ 31.77597803],[ 44.08653109], [ 29.49882627]
02/12/2008 02:00,[ 29.49882627],[ 35.86829574], [ 32.05182584]
02/12/2008 03:00,[ 32.05182584],[ 31.618567], [ 29.82252522]
02/12/2008 04:00,[ 29.82252522],[ 43.33365564], [ 89.30713358]
02/12/2008 05:00,[ 89.30713358],[ 103.09645705], [ 75.64140824]
02/12/2008 06:00,[ 75.64140824],[ 70.47499907], [ 184.65195632]
02/12/2008 07:00,[ 184.65195632],[ 133.33555084], [ 207.35873414]
02/12/2008 08:00,[ 207.35873414],[ 163.16785416], [ 120.62430354]
02/12/2008 09:00,[ 120.62430354],[ 90.73175645], [ 137.46509338]
02/12/2008 10:00,[ 137.46509338],[ 129.06649054], [ 126.59162335]
02/12/2008 11:00,[ 126.59162335],[ 147.29111894], [ 139.6409133]
02/12/2008 12:00,[ 139.6409133],[ 125.33949516], [ 141.75762297]
02/12/2008 13:00,[ 141.75762297],[ 109.03251549], [ 132.25213286]
02/12/2008 14:00,[ 132.25213286],[ 105.75470548], [ 42.04427176]
02/12/2008 15:00,[ 42.04427176],[ 42.37298334], [ 55.87606873]
02/12/2008 16:00,[ 55.87606873],[ 59.25017553], [ 144.23180887]
02/12/2008 17:00,[ 144.23180887],[ 160.51382397], [ 172.30917453]
02/12/2008 18:00,[ 172.30917453],[ 139.01465933], [ 91.28873413]
02/12/2008 19:00,[ 91.28873413],[ 62.18986931], [ 182.72665125]
02/12/2008 20:00,[ 182.72665125],[ 145.27127933], [ 196.88214718]
02/12/2008 21:00,[ 196.88214718],[ 144.97927896], [ 91.14518068]
02/12/2008 22:00,[ 91.14518068],[ 76.75755156], [ 38.8326152]
02/12/2008 23:00,[ 38.8326152],[ 80.95872944], [ 27.42996775]
03/12/2008 00:00,[ 27.42996775],[ 83.98924662], [ 46.28050587]
03/12/2008 01:00,[ 46.28050587],[ 65.59117386], [ 66.6285035]
03/12/2008 02:00,[ 66.6285035],[ 68.90005345], [ 27.03871423]
03/12/2008 03:00,[ 27.03871423],[ 32.51665959], [ 29.35527282]
03/12/2008 04:00,[ 29.35527282],[ 31.3460793], [ 27.41307911]
03/12/2008 05:00,[ 27.41307911],[ 57.13203831], [ 104.99386629]
03/12/2008 06:00,[ 104.99386629],[ 119.64060085], [ 197.93487247]
03/12/2008 07:00,[ 197.93487247],[ 136.39616782], [ 226.40912118]
03/12/2008 08:00,[ 226.40912118],[ 162.35955757], [ 199.71662409]
03/12/2008 09:00,[ 199.71662409],[ 145.13422925], [ 119.00580877]
03/12/2008 10:00,[ 119.00580877],[ 87.34146418], [ 120.98177977]
03/12/2008 11:00,[ 120.98177977],[ 119.08683217], [ 77.22049618]
03/12/2008 12:00,[ 77.22049618],[ 121.77284929], [ 64.97341668]
03/12/2008 13:00,[ 64.97341668],[ 83.09084097], [ 133.83966511]
03/12/2008 14:00,[ 133.83966511],[ 117.32688948], [ 46.08910128]
03/12/2008 15:00,[ 46.08910128],[ 40.38556854], [ 61.72798284]
03/12/2008 16:00,[ 61.72798284],[ 50.02330694], [ 160.43083036]
03/12/2008 17:00,[ 160.43083036],[ 145.41337527], [ 237.14748208]
03/12/2008 18:00,[ 237.14748208],[ 191.45368506], [ 126.57754949]
03/12/2008 19:00,[ 126.57754949],[ 106.0789625], [ 112.18279781]
03/12/2008 20:00,[ 112.18279781],[ 92.78385611], [ 113.9364017]
03/12/2008 21:00,[ 113.9364017],[ 94.47046908], [ 111.66206471]
03/12/2008 22:00,[ 111.66206471],[ 92.10042637], [ 31.21865288]
03/12/2008 23:00,[ 31.21865288],[ 50.27469844], [ 27.71988942]
04/12/2008 00:00,[ 27.71988942],[ 80.05732139], [ 26.94301193]
04/12/2008 01:00,[ 26.94301193],[ 56.46894477], [ 31.05821079]
04/12/2008 02:00,[ 31.05821079],[ 41.05604623], [ 81.52709963]
04/12/2008 03:00,[ 81.52709963],[ 73.24956673], [ 29.77467407]
04/12/2008 04:00,[ 29.77467407],[ 36.23601552], [ 28.06329179]
04/12/2008 05:00,[ 28.06329179],[ 42.93672146], [ 53.60736129]
04/12/2008 06:00,[ 53.60736129],[ 80.86580146], [ 226.11075519]
04/12/2008 07:00,[ 226.11075519],[ 149.32534131], [ 193.3214587]
04/12/2008 08:00,[ 193.3214587],[ 133.82981682], [ 166.26022628]
04/12/2008 09:00,[ 166.26022628],[ 126.5155414], [ 164.28425528]
04/12/2008 10:00,[ 164.28425528],[ 124.60322727], [ 118.16700627]
04/12/2008 11:00,[ 118.16700627],[ 96.5018418], [ 123.4531509]
04/12/2008 12:00,[ 123.4531509],[ 138.49445035], [ 121.09155594]
04/12/2008 13:00,[ 121.09155594],[ 136.4460336], [ 86.89205792]
04/12/2008 14:00,[ 86.89205792],[ 78.28948513], [ 29.74652634]
04/12/2008 15:00,[ 29.74652634],[ 34.95862484], [ 27.6579644]
04/12/2008 16:00,[ 27.6579644],[ 28.75486102], [ 29.61141721]
04/12/2008 17:00,[ 29.61141721],[ 32.12397506], [ 81.94931566]
04/12/2008 18:00,[ 81.94931566],[ 107.19070642], [ 231.7712647]
04/12/2008 19:00,[ 231.7712647],[ 170.30300327], [ 187.12614223]
04/12/2008 20:00,[ 187.12614223],[ 123.49355823], [ 198.22197936]
04/12/2008 21:00,[ 198.22197936],[ 146.46440005], [ 108.61929456]
04/12/2008 22:00,[ 108.61929456],[ 74.21765815], [ 73.95817369]
04/12/2008 23:00,[ 73.95817369],[ 65.28592768], [ 75.49504002]
05/12/2008 00:00,[ 75.49504002],[ 96.69218487], [ 75.76525828]
05/12/2008 01:00,[ 75.76525828],[ 120.13228781], [ 64.46112791]
05/12/2008 02:00,[ 64.46112791],[ 72.11472532], [ 63.91224707]
05/12/2008 03:00,[ 63.91224707],[ 66.19891573], [ 26.68686755]
05/12/2008 04:00,[ 26.68686755],[ 31.72117499], [ 27.849369]
05/12/2008 05:00,[ 27.849369],[ 29.1232639], [ 93.67566205]
05/12/2008 06:00,[ 93.67566205],[ 108.62672685], [ 194.33759193]
05/12/2008 07:00,[ 194.33759193],[ 162.99128081], [ 186.95725582]
05/12/2008 08:00,[ 186.95725582],[ 125.34380057], [ 162.49405934]
05/12/2008 09:00,[ 162.49405934],[ 119.21219667], [ 120.2668273]
05/12/2008 10:00,[ 120.2668273],[ 86.33222011], [ 117.4633129]
05/12/2008 11:00,[ 117.4633129],[ 95.37989726], [ 26.73753347]
05/12/2008 12:00,[ 26.73753347],[ 52.59611367], [ 29.02594432]
05/12/2008 13:00,[ 29.02594432],[ 94.56320773], [ 46.10317514]
05/12/2008 14:00,[ 46.10317514],[ 73.12607689], [ 103.04885781]
05/12/2008 15:00,[ 103.04885781],[ 97.68293684], [ 205.60794502]
05/12/2008 16:00,[ 205.60794502],[ 162.8358181], [ 177.44332139]
05/12/2008 17:00,[ 177.44332139],[ 132.73785342], [ 239.11219399]
05/12/2008 18:00,[ 239.11219399],[ 201.63181932], [ 193.30457006]
05/12/2008 19:00,[ 193.30457006],[ 178.03931545], [ 220.94564582]
05/12/2008 20:00,[ 220.94564582],[ 190.8584019], [ 125.33904915]
05/12/2008 21:00,[ 125.33904915],[ 104.77266809], [ 185.23179966]
05/12/2008 22:00,[ 185.23179966],[ 154.92792868], [ 136.00704071]
05/12/2008 23:00,[ 136.00704071],[ 109.2206355], [ 78.40270105]
06/12/2008 00:00,[ 78.40270105],[ 70.72549108], [ 31.92234625]
06/12/2008 01:00,[ 31.92234625],[ 59.2463496], [ 21.53301727]
06/12/2008 02:00,[ 21.53301727],[ 68.77973969], [ 22.65329712]
06/12/2008 03:00,[ 22.65329712],[ 43.8740764], [ 34.90037662]
06/12/2008 04:00,[ 34.90037662],[ 41.50248074], [ 63.83906296]
06/12/2008 05:00,[ 63.83906296],[ 58.71120393], [ 41.38842953]
06/12/2008 06:00,[ 41.38842953],[ 44.89319169], [ 166.64585025]
06/12/2008 07:00,[ 166.64585025],[ 139.94488434], [ 235.45017366]
06/12/2008 08:00,[ 235.45017366],[ 168.00176384], [ 190.05913622]
06/12/2008 09:00,[ 190.05913622],[ 131.61803883], [ 357.10186953]
06/12/2008 10:00,[ 357.10186953],[ 231.80151469], [ 300.71914156]
06/12/2008 11:00,[ 300.71914156],[ 210.41496684], [ 250.21366067]
06/12/2008 12:00,[ 250.21366067],[ 171.20951814], [ 393.632]
06/12/2008 13:00,[ 393.632],[ 274.37973214], [ 133.24574791]
06/12/2008 14:00,[ 133.24574791],[ 111.99150795], [ 112.66412408]
06/12/2008 15:00,[ 112.66412408],[ 123.91891304], [ 108.74877414]
06/12/2008 16:00,[ 108.74877414],[ 145.34627572], [ 167.09058446]
06/12/2008 17:00,[ 167.09058446],[ 130.29738719], [ 212.19451501]
06/12/2008 18:00,[ 212.19451501],[ 155.63945335], [ 204.71003228]
06/12/2008 19:00,[ 204.71003228],[ 152.12841561], [ 110.64874625]
06/12/2008 20:00,[ 110.64874625],[ 79.58492846], [ 151.57273816]
06/12/2008 21:00,[ 151.57273816],[ 141.25977992], [ 78.57158746]
06/12/2008 22:00,[ 78.57158746],[ 111.95273173], [ 84.10543216]
06/12/2008 23:00,[ 84.10543216],[ 103.77098378], [ 130.74059949]
07/12/2008 00:00,[ 130.74059949],[ 109.93449572], [ 39.85719275]
07/12/2008 01:00,[ 39.85719275],[ 34.77910339], [ 29.70430474]
07/12/2008 02:00,[ 29.70430474],[ 29.76891144], [ 27.19634155]
07/12/2008 03:00,[ 27.19634155],[ 32.88136651], [ 24.96704094]
07/12/2008 04:00,[ 24.96704094],[ 64.68054729], [ 52.58559851]
07/12/2008 05:00,[ 52.58559851],[ 87.64106318], [ 54.1168353]
07/12/2008 06:00,[ 54.1168353],[ 57.51161721], [ 71.11243768]
07/12/2008 07:00,[ 71.11243768],[ 67.02783667], [ 98.48048042]
07/12/2008 08:00,[ 98.48048042],[ 80.3004925], [ 175.44764698]
07/12/2008 09:00,[ 175.44764698],[ 153.39973823], [ 153.72041034]
07/12/2008 10:00,[ 153.72041034],[ 150.70164266], [ 165.54527381]
07/12/2008 11:00,[ 165.54527381],[ 143.08848769], [ 285.96409888]
07/12/2008 12:00,[ 285.96409888],[ 190.53511194], [ 194.30099988]
07/12/2008 13:00,[ 194.30099988],[ 144.85729358], [ 191.87466512]
07/12/2008 14:00,[ 191.87466512],[ 145.89412048], [ 146.50051631]
07/12/2008 15:00,[ 146.50051631],[ 117.50769636], [ 145.22823869]
07/12/2008 16:00,[ 145.22823869],[ 152.00882576], [ 140.97793071]
07/12/2008 17:00,[ 140.97793071],[ 147.15162373], [ 282.95229124]
07/12/2008 18:00,[ 282.95229124],[ 181.46488445], [ 335.1607101]
07/12/2008 19:00,[ 335.1607101],[ 225.06271639], [ 254.01923444]
07/12/2008 20:00,[ 254.01923444],[ 172.49449223], [ 204.14989235]
07/12/2008 21:00,[ 204.14989235],[ 143.74109167], [ 134.74039263]
07/12/2008 22:00,[ 134.74039263],[ 109.30129803], [ 132.31405788]
07/12/2008 23:00,[ 132.31405788],[ 158.28569514], [ 128.18478515]
08/12/2008 00:00,[ 128.18478515],[ 129.32658608], [ 70.36933748]
08/12/2008 01:00,[ 70.36933748],[ 60.8856537], [ 40.47644292]
08/12/2008 02:00,[ 40.47644292],[ 43.13356333], [ 37.08464085]
08/12/2008 03:00,[ 37.08464085],[ 33.25776386], [ 37.05930789]
08/12/2008 04:00,[ 37.05930789],[ 44.91516135], [ 38.12329227]
08/12/2008 05:00,[ 38.12329227],[ 85.34673247], [ 134.00573675]
08/12/2008 06:00,[ 134.00573675],[ 125.06998707], [ 233.16739236]
08/12/2008 07:00,[ 233.16739236],[ 155.77281319], [ 247.8098441]
08/12/2008 08:00,[ 247.8098441],[ 183.37779411], [ 199.556182]
08/12/2008 09:00,[ 199.556182],[ 137.89585467], [ 120.4047512]
08/12/2008 10:00,[ 120.4047512],[ 90.77677419], [ 115.00601563]
08/12/2008 11:00,[ 115.00601563],[ 125.65412751], [ 116.93976503]
08/12/2008 12:00,[ 116.93976503],[ 148.68287708], [ 117.4633129]
08/12/2008 13:00,[ 117.4633129],[ 101.43845781], [ 117.3141299]
08/12/2008 14:00,[ 117.3141299],[ 99.55952368], [ 119.10714062]
08/12/2008 15:00,[ 119.10714062],[ 91.18420481], [ 46.51413207]
08/12/2008 16:00,[ 46.51413207],[ 47.39254854], [ 33.84765133]
08/12/2008 17:00,[ 33.84765133],[ 56.05119108], [ 96.66495151]
08/12/2008 18:00,[ 96.66495151],[ 139.93929873], [ 134.03669926]
08/12/2008 19:00,[ 134.03669926],[ 110.73079803], [ 201.08178924]
08/12/2008 20:00,[ 201.08178924],[ 149.27487236], [ 160.20564848]
08/12/2008 21:00,[ 160.20564848],[ 113.89435428], [ 56.37146887]
08/12/2008 22:00,[ 56.37146887],[ 50.93992517], [ 29.09912844]
08/12/2008 23:00,[ 29.09912844],[ 48.06008791], [ 22.15226744]
09/12/2008 00:00,[ 22.15226744],[ 84.77826676], [ 23.46958144]
09/12/2008 01:00,[ 23.46958144],[ 71.28598451], [ 70.21452494]
09/12/2008 02:00,[ 70.21452494],[ 80.81330999], [ 42.59878214]
09/12/2008 03:00,[ 42.59878214],[ 44.88652276], [ 25.07118756]
09/12/2008 04:00,[ 25.07118756],[ 27.53938579], [ 54.04083641]
09/12/2008 05:00,[ 54.04083641],[ 55.87518247], [ 64.73697571]
09/12/2008 06:00,[ 64.73697571],[ 99.17102059], [ 187.82139128]
09/12/2008 07:00,[ 187.82139128],[ 142.8553926], [ 185.76660663]
09/12/2008 08:00,[ 185.76660663],[ 127.8384815], [ 165.03017026]
09/12/2008 09:00,[ 165.03017026],[ 125.600511], [ 180.58179384]
09/12/2008 10:00,[ 180.58179384],[ 134.85363152], [ 127.51486906]
09/12/2008 11:00,[ 127.51486906],[ 100.72764458], [ 116.99324572]
09/12/2008 12:00,[ 116.99324572],[ 131.83315485], [ 116.40214329]
09/12/2008 13:00,[ 116.40214329],[ 139.62198545], [ 117.77856753]
09/12/2008 14:00,[ 117.77856753],[ 99.56998121], [ 121.42932876]
09/12/2008 15:00,[ 121.42932876],[ 102.76755472], [ 83.56781042]
09/12/2008 16:00,[ 83.56781042],[ 65.5095238], [ 97.83589729]
09/12/2008 17:00,[ 97.83589729],[ 83.10663112], [ 203.03242727]
09/12/2008 18:00,[ 203.03242727],[ 185.48610224], [ 270.5081776]
09/12/2008 19:00,[ 270.5081776],[ 203.21740562], [ 337.56734144]
09/12/2008 20:00,[ 337.56734144],[ 207.06899714], [ 132.31687265]
09/12/2008 21:00,[ 132.31687265],[ 88.06659511], [ 47.85396426]
09/12/2008 22:00,[ 47.85396426],[ 45.05175249], [ 24.91356024]
09/12/2008 23:00,[ 24.91356024],[ 34.04845488], [ 22.76025851]
10/12/2008 00:00,[ 22.76025851],[ 57.62955725], [ 25.53281041]
10/12/2008 01:00,[ 25.53281041],[ 70.77090043], [ 23.87209405]
10/12/2008 02:00,[ 23.87209405],[ 41.12072195], [ 31.16798696]
10/12/2008 03:00,[ 31.16798696],[ 38.44209886], [ 73.89906345]
10/12/2008 04:00,[ 73.89906345],[ 63.5896869], [ 22.29300611]
10/12/2008 05:00,[ 22.29300611],[ 33.77496767], [ 67.79381973]
10/12/2008 06:00,[ 67.79381973],[ 85.63179935], [ 207.79783881]
10/12/2008 07:00,[ 207.79783881],[ 149.08654158], [ 268.00302918]
10/12/2008 08:00,[ 268.00302918],[ 166.79513604], [ 229.8065528]
10/12/2008 09:00,[ 229.8065528],[ 164.82615925], [ 132.44353746]
10/12/2008 10:00,[ 132.44353746],[ 91.2783086], [ 5.8519141]
10/12/2008 11:00,[ 5.8519141],[ 29.09290814], [ 145.94319116]
10/12/2008 12:00,[ 145.94319116],[ 132.11484688], [ 130.84756089]
10/12/2008 13:00,[ 130.84756089],[ 142.64731545], [ 167.03710376]
10/12/2008 14:00,[ 167.03710376],[ 125.96580977], [ 261.13216707]
10/12/2008 15:00,[ 261.13216707],[ 183.26377018], [ 149.52358305]
10/12/2008 16:00,[ 149.52358305],[ 99.23227209], [ 315.95832529]
10/12/2008 17:00,[ 315.95832529],[ 233.47740393], [ 168.31782571]
10/12/2008 18:00,[ 168.31782571],[ 123.35426967], [ 97.58538244]
10/12/2008 19:00,[ 97.58538244],[ 98.03014214], [ 143.77581557]
10/12/2008 20:00,[ 143.77581557],[ 165.64696564], [ 201.50400526]
10/12/2008 21:00,[ 201.50400526],[ 145.19397195], [ 53.17951572]
10/12/2008 22:00,[ 53.17951572],[ 30.30020541], [ 24.99518867]
10/12/2008 23:00,[ 24.99518867],[ 27.26272099], [ 23.78483607]
11/12/2008 00:00,[ 23.78483607],[ 23.76052486], [ 26.53768455]
11/12/2008 01:00,[ 26.53768455],[ 43.60446164], [ 22.14663789]
11/12/2008 02:00,[ 22.14663789],[ 80.55815679], [ 23.56809851]
11/12/2008 03:00,[ 23.56809851],[ 56.47490447], [ 24.06068387]
11/12/2008 04:00,[ 24.06068387],[ 38.39429599], [ 84.91045738]
11/12/2008 05:00,[ 84.91045738],[ 74.90445932], [ 136.95280461]
11/12/2008 06:00,[ 136.95280461],[ 116.82507774], [ 245.45669345]
11/12/2008 07:00,[ 245.45669345],[ 193.21753351], [ 134.38854595]
11/12/2008 08:00,[ 134.38854595],[ 128.22806959], [ 165.74230796]
11/12/2008 09:00,[ 165.74230796],[ 137.60227851], [ 117.08331847]
11/12/2008 10:00,[ 117.08331847],[ 97.95208397], [ 115.36349187]
11/12/2008 11:00,[ 115.36349187],[ 97.41496173], [ 37.27323068]
11/12/2008 12:00,[ 37.27323068],[ 45.16410964], [ 24.39001237]
11/12/2008 13:00,[ 24.39001237],[ 52.07942665], [ 23.55965419]
11/12/2008 14:00,[ 23.55965419],[ 60.96451485], [ 26.40820497]
11/12/2008 15:00,[ 26.40820497],[ 40.29627247], [ 23.51743259]
11/12/2008 16:00,[ 23.51743259],[ 31.13250911], [ 99.48816933]
11/12/2008 17:00,[ 99.48816933],[ 83.20865511], [ 116.90598774]
11/12/2008 18:00,[ 116.90598774],[ 105.25833367], [ 179.61069699]
11/12/2008 19:00,[ 179.61069699],[ 153.02443397], [ 194.4051465]
11/12/2008 20:00,[ 194.4051465],[ 155.06096475], [ 85.47904162]
11/12/2008 21:00,[ 85.47904162],[ 70.91133003], [ 48.99394753]
11/12/2008 22:00,[ 48.99394753],[ 49.86011977], [ 36.08539626]
11/12/2008 23:00,[ 36.08539626],[ 38.23291596], [ 35.07489257]
12/12/2008 00:00,[ 35.07489257],[ 47.67217406], [ 25.75517752]
12/12/2008 01:00,[ 25.75517752],[ 54.66401766], [ 24.11416457]
12/12/2008 02:00,[ 24.11416457],[ 38.09228334], [ 45.84421598]
12/12/2008 03:00,[ 45.84421598],[ 44.83018087], [ 68.40462558]
12/12/2008 04:00,[ 68.40462558],[ 62.93694893], [ 23.51180304]
12/12/2008 05:00,[ 23.51180304],[ 32.8184146], [ 108.56862864]
12/12/2008 06:00,[ 108.56862864],[ 94.10109912], [ 185.34157583]
12/12/2008 07:00,[ 185.34157583],[ 144.24357322], [ 146.79043798]
12/12/2008 08:00,[ 146.79043798],[ 113.37427799], [ 118.23456084]
12/12/2008 09:00,[ 118.23456084],[ 93.55247947], [ 111.94917161]
12/12/2008 10:00,[ 111.94917161],[ 93.19329452], [ 111.90976478]
12/12/2008 11:00,[ 111.90976478],[ 95.86101899], [ 113.95610512]
12/12/2008 12:00,[ 113.95610512],[ 119.57711906], [ 116.37681033]
12/12/2008 13:00,[ 116.37681033],[ 127.2887544], [ 72.57330513]
12/12/2008 14:00,[ 72.57330513],[ 69.51147211], [ 56.82183263]
12/12/2008 15:00,[ 56.82183263],[ 55.37706605], [ 60.04193351]
12/12/2008 16:00,[ 60.04193351],[ 54.29187591], [ 209.87514165]
12/12/2008 17:00,[ 209.87514165],[ 164.39106765], [ 190.75438527]
12/12/2008 18:00,[ 190.75438527],[ 168.47692595], [ 139.33128821]
12/12/2008 19:00,[ 139.33128821],[ 129.07567653], [ 253.0565819]
12/12/2008 20:00,[ 253.0565819],[ 183.96832053], [ 183.99329932]
12/12/2008 21:00,[ 183.99329932],[ 144.00670961], [ 127.04761666]
12/12/2008 22:00,[ 127.04761666],[ 98.84033299], [ 25.8311764]
12/12/2008 23:00,[ 25.8311764],[ 39.86963397], [ 22.70114827]
13/12/2008 00:00,[ 22.70114827],[ 60.08365892], [ 24.84037613]
13/12/2008 01:00,[ 24.84037613],[ 69.68836471], [ 22.50411413]
13/12/2008 02:00,[ 22.50411413],[ 40.15774943], [ 70.42563295]
13/12/2008 03:00,[ 70.42563295],[ 67.57052118], [ 25.5018479]
13/12/2008 04:00,[ 25.5018479],[ 33.19687804], [ 22.15226744]
13/12/2008 05:00,[ 22.15226744],[ 27.76752932], [ 33.9039468]
13/12/2008 06:00,[ 33.9039468],[ 56.38448189], [ 180.0019505]
13/12/2008 07:00,[ 180.0019505],[ 137.22269995], [ 180.5226836]
13/12/2008 08:00,[ 180.5226836],[ 123.18803987], [ 121.63480722]
13/12/2008 09:00,[ 121.63480722],[ 87.00388447], [ 147.15635854]
13/12/2008 10:00,[ 147.15635854],[ 114.49279732], [ 89.60549957]
13/12/2008 11:00,[ 89.60549957],[ 73.31046007], [ 73.31922011]
13/12/2008 12:00,[ 73.31922011],[ 86.40450687], [ 112.43331265]
13/12/2008 13:00,[ 112.43331265],[ 145.82348331], [ 116.91724684]
13/12/2008 14:00,[ 116.91724684],[ 100.11499468], [ 213.62723472]
13/12/2008 15:00,[ 213.62723472],[ 159.89105257], [ 338.70169516]
13/12/2008 16:00,[ 338.70169516],[ 237.57082815], [ 232.6635479]
13/12/2008 17:00,[ 232.6635479],[ 146.79773895], [ 112.22501941]
13/12/2008 18:00,[ 112.22501941],[ 84.50748498], [ 190.70934889]
13/12/2008 19:00,[ 190.70934889],[ 186.50095214], [ 124.35950797]
13/12/2008 20:00,[ 124.35950797],[ 148.39316264], [ 32.5331521]
13/12/2008 21:00,[ 32.5331521],[ 47.8352141], [ 38.68061743]
13/12/2008 22:00,[ 38.68061743],[ 51.87921629], [ 42.16812179]
13/12/2008 23:00,[ 42.16812179],[ 40.20783187], [ 30.3770356]
14/12/2008 00:00,[ 30.3770356],[ 36.71162899], [ 30.96532327]
14/12/2008 01:00,[ 30.96532327],[ 64.17159239], [ 41.27020905]
14/12/2008 02:00,[ 41.27020905],[ 65.81155288], [ 54.89934233]
14/12/2008 03:00,[ 54.89934233],[ 54.535641], [ 30.11526167]
14/12/2008 04:00,[ 30.11526167],[ 35.82174973], [ 28.39262029]
14/12/2008 05:00,[ 28.39262029],[ 31.1577571], [ 27.70863033]
14/12/2008 06:00,[ 27.70863033],[ 33.19285798], [ 85.95755312]
14/12/2008 07:00,[ 85.95755312],[ 95.62759409], [ 242.47584832]
14/12/2008 08:00,[ 242.47584832],[ 158.6477503], [ 208.36079351]
14/12/2008 09:00,[ 208.36079351],[ 138.35277478], [ 82.64737948]
14/12/2008 10:00,[ 82.64737948],[ 55.41686916], [ 198.42745783]
14/12/2008 11:00,[ 198.42745783],[ 152.06461847], [ 287.80496075]
14/12/2008 12:00,[ 287.80496075],[ 220.95698677], [ 137.62835024]
14/12/2008 13:00,[ 137.62835024],[ 107.19563954], [ 152.32146791]
14/12/2008 14:00,[ 152.32146791],[ 157.9561573], [ 228.92271392]
14/12/2008 15:00,[ 228.92271392],[ 193.67496718], [ 69.02387575]
14/12/2008 16:00,[ 69.02387575],[ 63.600321], [ 116.12911026]
14/12/2008 17:00,[ 116.12911026],[ 110.3120457], [ 121.3927367]
14/12/2008 18:00,[ 121.3927367],[ 99.77154371], [ 203.3054603]
14/12/2008 19:00,[ 203.3054603],[ 169.5777245], [ 197.49013825]
14/12/2008 20:00,[ 197.49013825],[ 174.39170559], [ 118.98892013]
14/12/2008 21:00,[ 118.98892013],[ 123.70493138], [ 71.74576172]
14/12/2008 22:00,[ 71.74576172],[ 78.69564011], [ 51.40620842]
14/12/2008 23:00,[ 51.40620842],[ 56.36484998], [ 27.44685639]
15/12/2008 00:00,[ 27.44685639],[ 35.21357679], [ 29.30742167]
15/12/2008 01:00,[ 29.30742167],[ 33.02730261], [ 28.21528956]
15/12/2008 02:00,[ 28.21528956],[ 39.86116963], [ 58.54728878]
15/12/2008 03:00,[ 58.54728878],[ 64.68990377], [ 45.39103745]
15/12/2008 04:00,[ 45.39103745],[ 46.67036355], [ 26.9570858]
15/12/2008 05:00,[ 26.9570858],[ 30.65224705], [ 69.42638836]
15/12/2008 06:00,[ 69.42638836],[ 60.49869634], [ 170.14179893]
15/12/2008 07:00,[ 170.14179893],[ 133.55960328], [ 205.30957903]
15/12/2008 08:00,[ 205.30957903],[ 164.46283947], [ 122.56931202]
15/12/2008 09:00,[ 122.56931202],[ 107.49720075], [ 120.63556263]
15/12/2008 10:00,[ 120.63556263],[ 108.19921381], [ 117.90523234]
15/12/2008 11:00,[ 117.90523234],[ 106.40425003], [ 118.05160056]
15/12/2008 12:00,[ 118.05160056],[ 109.55658541], [ 121.19570256]
15/12/2008 13:00,[ 121.19570256],[ 114.73473963], [ 114.66261326]
15/12/2008 14:00,[ 114.66261326],[ 105.92666049], [ 27.8606281]
15/12/2008 15:00,[ 27.8606281],[ 36.1223073], [ 31.49731546]
15/12/2008 16:00,[ 31.49731546],[ 35.91910892], [ 78.63632725]
15/12/2008 17:00,[ 78.63632725],[ 70.93961975], [ 224.1347842]
15/12/2008 18:00,[ 224.1347842],[ 157.29117097], [ 157.05310216]
15/12/2008 19:00,[ 157.05310216],[ 126.53111316], [ 183.70056288]
15/12/2008 20:00,[ 183.70056288],[ 137.74086551], [ 233.92456643]
15/12/2008 21:00,[ 233.92456643],[ 180.08949557], [ 133.3527093]
15/12/2008 22:00,[ 133.3527093],[ 97.91064127], [ 80.96977448]
15/12/2008 23:00,[ 80.96977448],[ 76.39066971], [ 32.23197134]
16/12/2008 00:00,[ 32.23197134],[ 77.65575499], [ 30.08148439]
16/12/2008 01:00,[ 30.08148439],[ 75.68565819], [ 27.90566447]
16/12/2008 02:00,[ 27.90566447],[ 45.5370704], [ 94.62424072]
16/12/2008 03:00,[ 94.62424072],[ 87.44335865], [ 29.99704118]
16/12/2008 04:00,[ 29.99704118],[ 36.11864796], [ 26.94864148]
16/12/2008 05:00,[ 26.94864148],[ 33.68496024], [ 52.48708144]
16/12/2008 06:00,[ 52.48708144],[ 82.90125373], [ 286.14142961]
16/12/2008 07:00,[ 286.14142961],[ 179.79525844], [ 206.98999881]
16/12/2008 08:00,[ 206.98999881],[ 135.24180254], [ 158.71944807]
16/12/2008 09:00,[ 158.71944807],[ 112.07146588], [ 121.93598799]
16/12/2008 10:00,[ 121.93598799],[ 89.7564719], [ 128.39307839]
16/12/2008 11:00,[ 128.39307839],[ 103.02997724], [ 134.38010163]
16/12/2008 12:00,[ 134.38010163],[ 135.62841972], [ 126.18066642]
16/12/2008 13:00,[ 126.18066642],[ 148.19354648], [ 151.45451767]
16/12/2008 14:00,[ 151.45451767],[ 121.13542107], [ 106.76435883]
16/12/2008 15:00,[ 106.76435883],[ 82.36767578], [ 39.45468014]
16/12/2008 16:00,[ 39.45468014],[ 37.57740243], [ 60.43318703]
16/12/2008 17:00,[ 60.43318703],[ 49.63351063], [ 70.91540354]
16/12/2008 18:00,[ 70.91540354],[ 84.45421464], [ 110.58682124]
16/12/2008 19:00,[ 110.58682124],[ 138.48964866], [ 243.72560775]
16/12/2008 20:00,[ 243.72560775],[ 159.92620251], [ 160.56593949]
16/12/2008 21:00,[ 160.56593949],[ 112.18337302], [ 91.48858305]
16/12/2008 22:00,[ 91.48858305],[ 67.29318581], [ 36.79471918]
16/12/2008 23:00,[ 36.79471918],[ 38.18776344], [ 85.85903605]
17/12/2008 00:00,[ 85.85903605],[ 88.51814705], [ 28.85705791]
17/12/2008 01:00,[ 28.85705791],[ 80.02110582], [ 27.90847924]
17/12/2008 02:00,[ 27.90847924],[ 64.4464812], [ 31.12295058]
17/12/2008 03:00,[ 31.12295058],[ 45.05465635], [ 27.46655981]
17/12/2008 04:00,[ 27.46655981],[ 34.6799104], [ 26.80508803]
17/12/2008 05:00,[ 26.80508803],[ 27.47375238], [ 69.96963964]
17/12/2008 06:00,[ 69.96963964],[ 74.74581542], [ 167.17784244]
17/12/2008 07:00,[ 167.17784244],[ 145.38793854], [ 224.41344677]
17/12/2008 08:00,[ 224.41344677],[ 148.30947768], [ 126.46495855]
17/12/2008 09:00,[ 126.46495855],[ 88.81454524], [ 165.52275562]
17/12/2008 10:00,[ 165.52275562],[ 130.03971832], [ 136.82051025]
17/12/2008 11:00,[ 136.82051025],[ 103.697194], [ 144.18958727]
17/12/2008 12:00,[ 144.18958727],[ 133.88080081], [ 128.45500341]
17/12/2008 13:00,[ 128.45500341],[ 150.16782478], [ 50.26341038]
17/12/2008 14:00,[ 50.26341038],[ 67.73207697], [ 33.02010792]
17/12/2008 15:00,[ 33.02010792],[ 45.43042222], [ 67.47575032]
17/12/2008 16:00,[ 67.47575032],[ 63.88976096], [ 122.06828234]
17/12/2008 17:00,[ 122.06828234],[ 103.52941514], [ 264.22560315]
17/12/2008 18:00,[ 264.22560315],[ 196.76389542], [ 267.22052215]
17/12/2008 19:00,[ 267.22052215],[ 204.42335751], [ 250.21929021]
17/12/2008 20:00,[ 250.21929021],[ 189.20352703], [ 263.35302336]
17/12/2008 21:00,[ 263.35302336],[ 201.86843786], [ 165.78452956]
17/12/2008 22:00,[ 165.78452956],[ 114.66412153], [ 79.1401717]
17/12/2008 23:00,[ 79.1401717],[ 71.02891293], [ 27.0105665]
18/12/2008 00:00,[ 27.0105665],[ 70.15548305], [ 25.99724804]
18/12/2008 01:00,[ 25.99724804],[ 81.01080403], [ 26.51516636]
18/12/2008 02:00,[ 26.51516636],[ 50.06718937], [ 25.00926254]
18/12/2008 03:00,[ 25.00926254],[ 36.64896734], [ 28.52491464]
18/12/2008 04:00,[ 28.52491464],[ 30.04169234], [ 72.59300855]
18/12/2008 05:00,[ 72.59300855],[ 66.14722177], [ 120.72845016]
18/12/2008 06:00,[ 120.72845016],[ 128.36002643], [ 220.12936151]
18/12/2008 07:00,[ 220.12936151],[ 157.27901712], [ 218.71071566]
18/12/2008 08:00,[ 218.71071566],[ 146.09695564], [ 143.58441097]
18/12/2008 09:00,[ 143.58441097],[ 105.13452513], [ 115.79978176]
18/12/2008 10:00,[ 115.79978176],[ 87.88781874], [ 113.05819237]
18/12/2008 11:00,[ 113.05819237],[ 99.09961504], [ 112.6303468]
18/12/2008 12:00,[ 112.6303468],[ 134.37782343], [ 115.40008392]
18/12/2008 13:00,[ 115.40008392],[ 125.1329388], [ 116.68080586]
18/12/2008 14:00,[ 116.68080586],[ 94.69306721], [ 82.28990325]
18/12/2008 15:00,[ 82.28990325],[ 70.04393331], [ 24.99518867]
18/12/2008 16:00,[ 24.99518867],[ 30.68690679], [ 22.2733027]
18/12/2008 17:00,[ 22.2733027],[ 29.22435249], [ 47.03486517]
18/12/2008 18:00,[ 47.03486517],[ 79.81924529], [ 169.40714305]
18/12/2008 19:00,[ 169.40714305],[ 154.48722915], [ 223.31005556]
18/12/2008 20:00,[ 223.31005556],[ 143.77549097], [ 150.61571517]
18/12/2008 21:00,[ 150.61571517],[ 106.73471151], [ 138.33204362]
18/12/2008 22:00,[ 138.33204362],[ 100.59087333], [ 103.91580804]
18/12/2008 23:00,[ 103.91580804],[ 83.25350765], [ 94.16261787]
19/12/2008 00:00,[ 94.16261787],[ 107.14046113], [ 27.95351562]
19/12/2008 01:00,[ 27.95351562],[ 83.7592876], [ 29.5917138]
19/12/2008 02:00,[ 29.5917138],[ 61.23995414], [ 26.81071758]
19/12/2008 03:00,[ 26.81071758],[ 41.42650158], [ 26.74034824]
19/12/2008 04:00,[ 26.74034824],[ 32.48337223], [ 30.17437191]
19/12/2008 05:00,[ 30.17437191],[ 30.09513499], [ 73.22351781]
19/12/2008 06:00,[ 73.22351781],[ 84.91975737], [ 214.62647932]
19/12/2008 07:00,[ 214.62647932],[ 159.55251395], [ 139.30877002]
19/12/2008 08:00,[ 139.30877002],[ 99.59463926], [ 118.9185508]
19/12/2008 09:00,[ 118.9185508],[ 88.08216696], [ 118.63425867]
19/12/2008 10:00,[ 118.63425867],[ 91.70549465], [ 115.60556239]
19/12/2008 11:00,[ 115.60556239],[ 94.43624472], [ 116.64139903]
19/12/2008 12:00,[ 116.64139903],[ 125.5167823], [ 120.90296611]
19/12/2008 13:00,[ 120.90296611],[ 142.1038934], [ 65.62081459]
19/12/2008 14:00,[ 65.62081459],[ 67.55464234], [ 28.19277137]
19/12/2008 15:00,[ 28.19277137],[ 37.26576004], [ 57.61559876]
19/12/2008 16:00,[ 57.61559876],[ 49.34731684], [ 207.77250585]
19/12/2008 17:00,[ 207.77250585],[ 163.60293355], [ 224.7934412]
19/12/2008 18:00,[ 224.7934412],[ 188.52518849], [ 125.91607771]
19/12/2008 19:00,[ 125.91607771],[ 118.63826012], [ 247.25251895]
19/12/2008 20:00,[ 247.25251895],[ 183.51896996], [ 195.27491151]
19/12/2008 21:00,[ 195.27491151],[ 153.9000261], [ 201.45333934]
19/12/2008 22:00,[ 201.45333934],[ 158.84643338], [ 41.67272166]
19/12/2008 23:00,[ 41.67272166],[ 49.18197681], [ 25.85932414]
20/12/2008 00:00,[ 25.85932414],[ 53.53454157], [ 23.46395189]
20/12/2008 01:00,[ 23.46395189],[ 80.32932401], [ 25.81991731]
20/12/2008 02:00,[ 25.81991731],[ 54.36759833], [ 22.44781866]
20/12/2008 03:00,[ 22.44781866],[ 35.55162974], [ 23.3992121]
20/12/2008 04:00,[ 23.3992121],[ 29.51142804], [ 30.48681177]
20/12/2008 05:00,[ 30.48681177],[ 30.22703922], [ 77.46819625]
20/12/2008 06:00,[ 77.46819625],[ 87.69288928], [ 220.53750366]
20/12/2008 07:00,[ 220.53750366],[ 158.99805636], [ 223.03139299]
20/12/2008 08:00,[ 223.03139299],[ 145.38426821], [ 153.88929675]
20/12/2008 09:00,[ 153.88929675],[ 109.04490522], [ 153.47552505]
20/12/2008 10:00,[ 153.47552505],[ 117.23172986], [ 173.81507835]
20/12/2008 11:00,[ 173.81507835],[ 137.32225806], [ 122.19494715]
20/12/2008 12:00,[ 122.19494715],[ 109.95323516], [ 295.04455819]
20/12/2008 13:00,[ 295.04455819],[ 214.65890491], [ 183.96233682]
20/12/2008 14:00,[ 183.96233682],[ 159.75902066], [ 235.96809199]
20/12/2008 15:00,[ 235.96809199],[ 162.97916077], [ 144.33314072]
20/12/2008 16:00,[ 144.33314072],[ 104.8186819], [ 197.13547679]
20/12/2008 17:00,[ 197.13547679],[ 152.06188682], [ 175.46172085]
20/12/2008 18:00,[ 175.46172085],[ 139.35972222], [ 252.83421479]
20/12/2008 19:00,[ 252.83421479],[ 210.89724058], [ 126.07933458]
20/12/2008 20:00,[ 126.07933458],[ 137.84228798], [ 104.96853333]
20/12/2008 21:00,[ 104.96853333],[ 102.56401168], [ 36.07976671]
20/12/2008 22:00,[ 36.07976671],[ 41.5566694], [ 128.31144996]
20/12/2008 23:00,[ 128.31144996],[ 105.7062827], [ 227.38021804]
21/12/2008 00:00,[ 227.38021804],[ 179.99382553], [ 59.19750146]
21/12/2008 01:00,[ 59.19750146],[ 65.45352182], [ 25.89028665]
21/12/2008 02:00,[ 25.89028665],[ 51.82275417], [ 22.63359371]
21/12/2008 03:00,[ 22.63359371],[ 48.3491757], [ 26.16331968]
21/12/2008 04:00,[ 26.16331968],[ 36.34731467], [ 22.67863008]
21/12/2008 05:00,[ 22.67863008],[ 29.39939512], [ 23.52024736]
21/12/2008 06:00,[ 23.52024736],[ 28.5300823], [ 49.44712606]
21/12/2008 07:00,[ 49.44712606],[ 47.80206987], [ 242.99658142]
21/12/2008 08:00,[ 242.99658142],[ 152.50812262], [ 219.08508054]
21/12/2008 09:00,[ 219.08508054],[ 160.61408622], [ 202.60739647]
21/12/2008 10:00,[ 202.60739647],[ 145.02935988], [ 314.33420098]
21/12/2008 11:00,[ 314.33420098],[ 221.21867685], [ 141.91806506]
21/12/2008 12:00,[ 141.91806506],[ 91.79815697], [ 118.31055972]
21/12/2008 13:00,[ 118.31055972],[ 102.60369762], [ 116.93413548]
21/12/2008 14:00,[ 116.93413548],[ 142.61304792], [ 117.82078913]
21/12/2008 15:00,[ 117.82078913],[ 130.56107865], [ 287.77399824]
21/12/2008 16:00,[ 287.77399824],[ 184.04952953], [ 366.01344243]
21/12/2008 17:00,[ 366.01344243],[ 240.80302721], [ 301.84786574]
21/12/2008 18:00,[ 301.84786574],[ 205.6776158], [ 257.34066717]
21/12/2008 19:00,[ 257.34066717],[ 176.56904038], [ 208.57190152]
21/12/2008 20:00,[ 208.57190152],[ 154.12515125], [ 250.82446652]
21/12/2008 21:00,[ 250.82446652],[ 211.79354239], [ 69.3475747]
21/12/2008 22:00,[ 69.3475747],[ 106.28956778], [ 47.94403701]
21/12/2008 23:00,[ 47.94403701],[ 75.55782466], [ 27.04434378]
22/12/2008 00:00,[ 27.04434378],[ 43.23924101], [ 25.41458992]
22/12/2008 01:00,[ 25.41458992],[ 33.78292038], [ 28.65439422]
22/12/2008 02:00,[ 28.65439422],[ 31.31925737], [ 26.60523911]
22/12/2008 03:00,[ 26.60523911],[ 36.56741773], [ 95.84022288]
22/12/2008 04:00,[ 95.84022288],[ 91.72142416], [ 25.41177515]
22/12/2008 05:00,[ 25.41177515],[ 34.86744998], [ 55.34970609]
22/12/2008 06:00,[ 55.34970609],[ 48.99868225], [ 90.03053037]
22/12/2008 07:00,[ 90.03053037],[ 78.51768749], [ 139.98431566]
22/12/2008 08:00,[ 139.98431566],[ 119.43682294], [ 151.82888255]
22/12/2008 09:00,[ 151.82888255],[ 135.30859963], [ 150.74237998]
22/12/2008 10:00,[ 150.74237998],[ 134.23612614], [ 166.66836844]
22/12/2008 11:00,[ 166.66836844],[ 136.91131444], [ 171.75184938]
22/12/2008 12:00,[ 171.75184938],[ 140.08172736], [ 243.71434866]
22/12/2008 13:00,[ 243.71434866],[ 190.5691849], [ 129.81172424]
22/12/2008 14:00,[ 129.81172424],[ 100.18669098], [ 77.31056893]
22/12/2008 15:00,[ 77.31056893],[ 79.77899336], [ 157.00806579]
22/12/2008 16:00,[ 157.00806579],[ 165.74952169], [ 165.93652733]
22/12/2008 17:00,[ 165.93652733],[ 128.52874862], [ 81.19214159]
22/12/2008 18:00,[ 81.19214159],[ 55.84651888], [ 119.14936222]
22/12/2008 19:00,[ 119.14936222],[ 95.04159865], [ 157.99605129]
22/12/2008 20:00,[ 157.99605129],[ 124.09204808], [ 160.74045545]
22/12/2008 21:00,[ 160.74045545],[ 145.95394165], [ 145.34082963]
22/12/2008 22:00,[ 145.34082963],[ 158.33852612], [ 243.49479632]
22/12/2008 23:00,[ 243.49479632],[ 178.13879256], [ 159.89883817]
23/12/2008 00:00,[ 159.89883817],[ 116.08392669], [ 74.69845912]
23/12/2008 01:00,[ 74.69845912],[ 58.82981046], [ 68.54536425]
23/12/2008 02:00,[ 68.54536425],[ 55.74005637], [ 39.92193254]
23/12/2008 03:00,[ 39.92193254],[ 50.31392787], [ 25.72984456]
23/12/2008 04:00,[ 25.72984456],[ 77.80737339], [ 69.1674292]
23/12/2008 05:00,[ 69.1674292],[ 94.57597878], [ 97.78804614]
23/12/2008 06:00,[ 97.78804614],[ 85.10075644], [ 194.98780461]
23/12/2008 07:00,[ 194.98780461],[ 155.42790928], [ 132.52798066]
23/12/2008 08:00,[ 132.52798066],[ 95.69207606], [ 149.8585411]
23/12/2008 09:00,[ 149.8585411],[ 131.21741492], [ 70.58888981]
23/12/2008 10:00,[ 70.58888981],[ 95.75652488], [ 75.10378651]
23/12/2008 11:00,[ 75.10378651],[ 107.72249989], [ 81.80294743]
23/12/2008 12:00,[ 81.80294743],[ 79.72197395], [ 132.26339196]
23/12/2008 13:00,[ 132.26339196],[ 114.24967551], [ 243.48916678]
23/12/2008 14:00,[ 243.48916678],[ 185.17865009], [ 131.35422012]
23/12/2008 15:00,[ 131.35422012],[ 96.08292341], [ 70.69585121]
23/12/2008 16:00,[ 70.69585121],[ 77.48835008], [ 34.73430498]
23/12/2008 17:00,[ 34.73430498],[ 97.05445185], [ 76.5702835]
23/12/2008 18:00,[ 76.5702835],[ 97.23335847], [ 203.11687048]
23/12/2008 19:00,[ 203.11687048],[ 154.85753825], [ 257.61088542]
23/12/2008 20:00,[ 257.61088542],[ 193.30897545], [ 60.38815065]
23/12/2008 21:00,[ 60.38815065],[ 46.06659743], [ 55.03445146]
23/12/2008 22:00,[ 55.03445146],[ 57.17744919], [ 24.72778519]
23/12/2008 23:00,[ 24.72778519],[ 62.64034952], [ 23.54839509]
24/12/2008 00:00,[ 23.54839509],[ 85.46148436], [ 29.72119338]
24/12/2008 01:00,[ 29.72119338],[ 56.07159194], [ 23.32602799]
24/12/2008 02:00,[ 23.32602799],[ 37.42637738], [ 39.67704725]
24/12/2008 03:00,[ 39.67704725],[ 37.51691674], [ 51.56665051]
24/12/2008 04:00,[ 51.56665051],[ 49.65222233], [ 23.66098603]
24/12/2008 05:00,[ 23.66098603],[ 55.72017512], [ 60.69777574]
24/12/2008 06:00,[ 60.69777574],[ 83.22878592], [ 123.64737027]
24/12/2008 07:00,[ 123.64737027],[ 98.57334917], [ 117.42390607]
24/12/2008 08:00,[ 117.42390607],[ 95.98527641], [ 118.36122564]
24/12/2008 09:00,[ 118.36122564],[ 96.54452652], [ 124.55372734]
24/12/2008 10:00,[ 124.55372734],[ 106.03924369], [ 57.54241464]
24/12/2008 11:00,[ 57.54241464],[ 74.91872262], [ 130.43660395]
24/12/2008 12:00,[ 130.43660395],[ 142.10435358], [ 130.39156758]
24/12/2008 13:00,[ 130.39156758],[ 102.44997872], [ 56.28702566]
24/12/2008 14:00,[ 56.28702566],[ 43.62640783], [ 38.1204775]
24/12/2008 15:00,[ 38.1204775],[ 36.98170229], [ 144.93550225]
24/12/2008 16:00,[ 144.93550225],[ 117.66676392], [ 181.17852583]
24/12/2008 17:00,[ 181.17852583],[ 168.83944862], [ 121.83184137]
24/12/2008 18:00,[ 121.83184137],[ 128.34730836], [ 36.13324741]
24/12/2008 19:00,[ 36.13324741],[ 45.07090522], [ 39.3420892]
24/12/2008 20:00,[ 39.3420892],[ 46.10840017], [ 37.52374552]
24/12/2008 21:00,[ 37.52374552],[ 38.60923404], [ 36.89605103]
24/12/2008 22:00,[ 36.89605103],[ 42.97479696], [ 40.06830076]
24/12/2008 23:00,[ 40.06830076],[ 62.93601489], [ 155.59223472]
25/12/2008 00:00,[ 155.59223472],[ 119.95119225], [ 73.78365774]
25/12/2008 01:00,[ 73.78365774],[ 59.42984656], [ 22.61670507]
25/12/2008 02:00,[ 22.61670507],[ 27.24367826], [ 22.89818242]
25/12/2008 03:00,[ 22.89818242],[ 26.35864106], [ 24.63489767]
25/12/2008 04:00,[ 24.63489767],[ 28.56125406], [ 21.41198201]
25/12/2008 05:00,[ 21.41198201],[ 50.79575333], [ 23.86083495]
25/12/2008 06:00,[ 23.86083495],[ 52.9742713], [ 77.29649506]
25/12/2008 07:00,[ 77.29649506],[ 69.29970494], [ 108.09011714]
25/12/2008 08:00,[ 108.09011714],[ 91.62534342], [ 134.52365508]
25/12/2008 09:00,[ 134.52365508],[ 113.59054684], [ 119.44772821]
25/12/2008 10:00,[ 119.44772821],[ 104.18079438], [ 58.25173757]
25/12/2008 11:00,[ 58.25173757],[ 70.23755405], [ 36.11635877]
25/12/2008 12:00,[ 36.11635877],[ 69.09406995], [ 43.42351077]
25/12/2008 13:00,[ 43.42351077],[ 57.04501007], [ 27.67203827]
25/12/2008 14:00,[ 27.67203827],[ 34.49604723], [ 31.63242458]
25/12/2008 15:00,[ 31.63242458],[ 35.80901085], [ 33.98557523]
25/12/2008 16:00,[ 33.98557523],[ 35.52818647], [ 47.68789262]
25/12/2008 17:00,[ 47.68789262],[ 55.79134725], [ 69.23216899]
25/12/2008 18:00,[ 69.23216899],[ 76.39793038], [ 108.96269693]
25/12/2008 19:00,[ 108.96269693],[ 87.878143], [ 119.30135999]
25/12/2008 20:00,[ 119.30135999],[ 93.89835375], [ 55.26244811]
25/12/2008 21:00,[ 55.26244811],[ 52.8533203], [ 44.66764066]
25/12/2008 22:00,[ 44.66764066],[ 44.10840034], [ 33.05107043]
25/12/2008 23:00,[ 33.05107043],[ 44.57586992], [ 24.76719202]
26/12/2008 00:00,[ 24.76719202],[ 56.87030812], [ 22.92633015]
26/12/2008 01:00,[ 22.92633015],[ 41.75535043], [ 48.79409861]
26/12/2008 02:00,[ 48.79409861],[ 47.76104489], [ 56.28139612]
26/12/2008 03:00,[ 56.28139612],[ 54.64248305], [ 22.66455622]
26/12/2008 04:00,[ 22.66455622],[ 30.97271967], [ 23.69476332]
26/12/2008 05:00,[ 23.69476332],[ 31.32199327], [ 24.10572025]
26/12/2008 06:00,[ 24.10572025],[ 39.9531666], [ 22.48441071]
26/12/2008 07:00,[ 22.48441071],[ 34.08433999], [ 85.35237682]
26/12/2008 08:00,[ 85.35237682],[ 68.06554919], [ 125.19268093]
26/12/2008 09:00,[ 125.19268093],[ 100.13070402], [ 115.97429772]
26/12/2008 10:00,[ 115.97429772],[ 99.12177138], [ 74.41979655]
26/12/2008 11:00,[ 74.41979655],[ 70.50498577], [ 55.34407654]
26/12/2008 12:00,[ 55.34407654],[ 59.86950415], [ 49.77082501]
26/12/2008 13:00,[ 49.77082501],[ 64.60074576], [ 189.87054639]
26/12/2008 14:00,[ 189.87054639],[ 137.1234549], [ 159.77498814]
26/12/2008 15:00,[ 159.77498814],[ 117.44920322], [ 79.93393783]
26/12/2008 16:00,[ 79.93393783],[ 61.69862376], [ 154.87728225]
26/12/2008 17:00,[ 154.87728225],[ 123.60822108], [ 70.14978515]
26/12/2008 18:00,[ 70.14978515],[ 64.34465456], [ 63.77713795]
26/12/2008 19:00,[ 63.77713795],[ 81.50243126], [ 29.46504899]
26/12/2008 20:00,[ 29.46504899],[ 75.50308478], [ 47.74418809]
26/12/2008 21:00,[ 47.74418809],[ 64.89909301], [ 58.02937046]
26/12/2008 22:00,[ 58.02937046],[ 58.5009805], [ 116.86939569]
26/12/2008 23:00,[ 116.86939569],[ 99.19613277], [ 139.03010745]
27/12/2008 00:00,[ 139.03010745],[ 117.70526835], [ 231.50104644]
27/12/2008 01:00,[ 231.50104644],[ 191.07284162], [ 218.78389977]
27/12/2008 02:00,[ 218.78389977],[ 184.8575202], [ 218.18998257]
27/12/2008 03:00,[ 218.18998257],[ 168.16008084], [ 217.71710062]
27/12/2008 04:00,[ 217.71710062],[ 170.38702351], [ 211.44578526]
27/12/2008 05:00,[ 211.44578526],[ 162.01443233], [ 127.52049861]
27/12/2008 06:00,[ 127.52049861],[ 96.74288693], [ 120.17956932]
27/12/2008 07:00,[ 120.17956932],[ 125.71086803], [ 119.40269184]
27/12/2008 08:00,[ 119.40269184],[ 145.14892165], [ 117.51116405]
27/12/2008 09:00,[ 117.51116405],[ 102.06491476], [ 141.02015231]
27/12/2008 10:00,[ 141.02015231],[ 115.36121389], [ 207.21799547]
27/12/2008 11:00,[ 207.21799547],[ 159.67066412], [ 206.38763728]
27/12/2008 12:00,[ 206.38763728],[ 155.11766642], [ 134.69535626]
27/12/2008 13:00,[ 134.69535626],[ 108.29266213], [ 115.349418]
27/12/2008 14:00,[ 115.349418],[ 140.8910508], [ 114.79772239]
27/12/2008 15:00,[ 114.79772239],[ 126.17963474], [ 117.67442091]
27/12/2008 16:00,[ 117.67442091],[ 97.0613491], [ 112.52338541]
27/12/2008 17:00,[ 112.52338541],[ 95.45190324], [ 151.84295642]
27/12/2008 18:00,[ 151.84295642],[ 115.70224648], [ 171.91229147]
27/12/2008 19:00,[ 171.91229147],[ 144.30255527], [ 258.57072319]
27/12/2008 20:00,[ 258.57072319],[ 211.40415612], [ 226.59208146]
27/12/2008 21:00,[ 226.59208146],[ 195.85821824], [ 295.37951624]
27/12/2008 22:00,[ 295.37951624],[ 204.9119887], [ 207.73872856]
27/12/2008 23:00,[ 207.73872856],[ 156.47409625], [ 155.13061186]
28/12/2008 00:00,[ 155.13061186],[ 113.98053727], [ 150.62697426]
28/12/2008 01:00,[ 150.62697426],[ 127.94741087], [ 187.41887867]
28/12/2008 02:00,[ 187.41887867],[ 178.9247798], [ 157.41339317]
28/12/2008 03:00,[ 157.41339317],[ 150.57201975], [ 147.08317443]
28/12/2008 04:00,[ 147.08317443],[ 116.74885142], [ 189.60314291]
28/12/2008 05:00,[ 189.60314291],[ 152.05805111], [ 155.90467458]
28/12/2008 06:00,[ 155.90467458],[ 115.28850713], [ 116.19385005]
28/12/2008 07:00,[ 116.19385005],[ 94.73383622], [ 96.47073214]
28/12/2008 08:00,[ 96.47073214],[ 114.74498283], [ 25.9803594]
28/12/2008 09:00,[ 25.9803594],[ 74.20506809], [ 46.83783103]
28/12/2008 10:00,[ 46.83783103],[ 67.25288303], [ 68.76210181]
28/12/2008 11:00,[ 68.76210181],[ 69.35131072], [ 100.34949002]
28/12/2008 12:00,[ 100.34949002],[ 86.06806826], [ 128.64922278]
28/12/2008 13:00,[ 128.64922278],[ 110.91471951], [ 121.10000026]
28/12/2008 14:00,[ 121.10000026],[ 124.9739813], [ 117.87989937]
28/12/2008 15:00,[ 117.87989937],[ 123.99792611], [ 43.84854157]
28/12/2008 16:00,[ 43.84854157],[ 48.45914954], [ 24.69119314]
28/12/2008 17:00,[ 24.69119314],[ 33.52825377], [ 43.45447328]
28/12/2008 18:00,[ 43.45447328],[ 40.52451662], [ 23.55683942]
28/12/2008 19:00,[ 23.55683942],[ 31.8190117], [ 21.85671622]
28/12/2008 20:00,[ 21.85671622],[ 49.6560956], [ 23.98468499]
28/12/2008 21:00,[ 23.98468499],[ 47.27261547], [ 21.93271511]
28/12/2008 22:00,[ 21.93271511],[ 30.22358707], [ 41.77123873]
28/12/2008 23:00,[ 41.77123873],[ 41.98727908], [ 71.84709357]
29/12/2008 00:00,[ 71.84709357],[ 64.94435305], [ 23.87772359]
29/12/2008 01:00,[ 23.87772359],[ 35.29969154], [ 22.99106994]
29/12/2008 02:00,[ 22.99106994],[ 36.40370749], [ 23.23314046]
29/12/2008 03:00,[ 23.23314046],[ 34.48856597], [ 24.65178631]
29/12/2008 04:00,[ 24.65178631],[ 29.66656216], [ 21.46264793]
29/12/2008 05:00,[ 21.46264793],[ 25.89011794], [ 21.77508779]
29/12/2008 06:00,[ 21.77508779],[ 25.94353546], [ 22.31833908]
29/12/2008 07:00,[ 22.31833908],[ 26.74355704], [ 33.58024785]
29/12/2008 08:00,[ 33.58024785],[ 36.08583843], [ 91.5364342]
29/12/2008 09:00,[ 91.5364342],[ 75.75047269], [ 22.08471287]
29/12/2008 10:00,[ 22.08471287],[ 29.90143958], [ 22.67581531]
29/12/2008 11:00,[ 22.67581531],[ 26.44564854], [ 25.76925139]
29/12/2008 12:00,[ 25.76925139],[ 28.71665247], [ 21.49079567]
29/12/2008 13:00,[ 21.49079567],[ 27.22898285], [ 21.71597755]
29/12/2008 14:00,[ 21.71597755],[ 29.13076603], [ 24.40127146]
29/12/2008 15:00,[ 24.40127146],[ 30.01043138], [ 22.76025851]
29/12/2008 16:00,[ 22.76025851],[ 26.64810078], [ 21.4232411]
29/12/2008 17:00,[ 21.4232411],[ 24.88189327], [ 101.19673684]
29/12/2008 18:00,[ 101.19673684],[ 77.70691528], [ 49.38520104]
29/12/2008 19:00,[ 49.38520104],[ 51.0277676], [ 22.76025851]
29/12/2008 20:00,[ 22.76025851],[ 30.35949956], [ 21.859531]
29/12/2008 21:00,[ 21.859531],[ 27.10795637], [ 24.58141697]
29/12/2008 22:00,[ 24.58141697],[ 29.35037605], [ 22.11286061]
29/12/2008 23:00,[ 22.11286061],[ 28.76282743], [ 23.04736541]
30/12/2008 00:00,[ 23.04736541],[ 27.9152112], [ 24.71089655]
30/12/2008 01:00,[ 24.71089655],[ 27.69674008], [ 22.70959259]
30/12/2008 02:00,[ 22.70959259],[ 26.22567075], [ 22.49004026]
30/12/2008 03:00,[ 22.49004026],[ 26.12798337], [ 109.25824815]
30/12/2008 04:00,[ 109.25824815],[ 83.3656069], [ 22.61389029]
30/12/2008 05:00,[ 22.61389029],[ 32.0204478], [ 22.18322995]
30/12/2008 06:00,[ 22.18322995],[ 27.12491961], [ 23.93683384]
30/12/2008 07:00,[ 23.93683384],[ 27.65765743], [ 23.50898827]
30/12/2008 08:00,[ 23.50898827],[ 28.49585995], [ 21.83982758]
30/12/2008 09:00,[ 21.83982758],[ 28.2391188], [ 54.13372394]
30/12/2008 10:00,[ 54.13372394],[ 49.14282332], [ 22.91788583]
30/12/2008 11:00,[ 22.91788583],[ 29.07976893], [ 57.04701451]
30/12/2008 12:00,[ 57.04701451],[ 49.3238677], [ 89.65053595]
30/12/2008 13:00,[ 89.65053595],[ 76.50296999], [ 93.41670289]
30/12/2008 14:00,[ 93.41670289],[ 83.24983818], [ 130.78563587]
30/12/2008 15:00,[ 130.78563587],[ 109.30149026], [ 175.64468113]
30/12/2008 16:00,[ 175.64468113],[ 140.29075644], [ 217.12318341]
30/12/2008 17:00,[ 217.12318341],[ 170.07185279], [ 120.83259678]
30/12/2008 18:00,[ 120.83259678],[ 100.7881217], [ 123.5066316]
30/12/2008 19:00,[ 123.5066316],[ 112.50149314], [ 122.42012903]
30/12/2008 20:00,[ 122.42012903],[ 123.3130227], [ 55.92391988]
30/12/2008 21:00,[ 55.92391988],[ 69.50618261], [ 61.42680207]
30/12/2008 22:00,[ 61.42680207],[ 63.87212346], [ 41.03376807]
30/12/2008 23:00,[ 41.03376807],[ 44.93943049], [ 22.59418688]
31/12/2008 00:00,[ 22.59418688],[ 29.8639603], [ 21.16146717]
31/12/2008 01:00,[ 21.16146717],[ 27.87262409], [ 24.56452833]
31/12/2008 02:00,[ 24.56452833],[ 38.63019862], [ 22.29019134]
31/12/2008 03:00,[ 22.29019134],[ 34.84039557], [ 69.11957805]
31/12/2008 04:00,[ 69.11957805],[ 58.1344931], [ 37.54344893]
31/12/2008 05:00,[ 37.54344893],[ 39.29893904], [ 22.18041517]
31/12/2008 06:00,[ 22.18041517],[ 28.64317896], [ 91.49421259]
31/12/2008 07:00,[ 91.49421259],[ 75.93205791], [ 178.48760236]
31/12/2008 08:00,[ 178.48760236],[ 139.14488304], [ 134.79387333]
31/12/2008 09:00,[ 134.79387333],[ 113.70339214], [ 80.32519135]
31/12/2008 10:00,[ 80.32519135],[ 70.04399341], [ 71.48117301]
31/12/2008 11:00,[ 71.48117301],[ 66.17791294], [ 165.31164761]
31/12/2008 12:00,[ 165.31164761],[ 135.36664618], [ 151.9189553]
31/12/2008 13:00,[ 151.9189553],[ 136.87756061], [ 193.56352922]
31/12/2008 14:00,[ 193.56352922],[ 163.13113083], [ 139.88298382]
31/12/2008 15:00,[ 139.88298382],[ 117.85058958], [ 131.96502596]
31/12/2008 16:00,[ 131.96502596],[ 112.49321137], [ 131.20503712]
31/12/2008 17:00,[ 131.20503712],[ 111.67857005], [ 147.38154042]
31/12/2008 18:00,[ 147.38154042],[ 129.40711146], [ 266.25224007]
31/12/2008 19:00,[ 266.25224007],[ 202.4994113], [ 352.88533883]
31/12/2008 20:00,[ 352.88533883],[ 235.59902691], [ 171.02282304]
31/12/2008 21:00,[ 171.02282304],[ 137.96292617], [ 88.35574014]
31/12/2008 22:00,[ 88.35574014],[ 75.54777324], [ 48.59143492]
